<?xml version="1.0" encoding="UTF-8"?>
<list xmlns:xsi="http://www.w3.org/2001/XMLSchema-instance" xsi:noNamespaceSchemaLocation="../xsd/buylist.xsd">
	<item id="9416" price="0" /> <!-- Dynasty Breast Plate -->
	<item id="9421" price="0" /> <!-- Dynasty Gaiters -->
	<item id="9422" price="0" /> <!-- Dynasty Helmet -->
	<item id="9423" price="0" /> <!-- Dynasty Gauntlet - Heavy Armor -->
	<item id="9424" price="0" /> <!-- Dynasty Boots - Heavy Armor -->
	<item id="9441" price="0" /> <!-- Dynasty Shield -->
	<item id="9417" price="0" /> <!-- Dynasty Breast Plate - Shield Master -->
	<item id="9418" price="0" /> <!-- Dynasty Breast Plate - Weapon Master -->
	<item id="9419" price="0" /> <!-- Dynasty Breast Plate - Force Master -->
	<item id="9420" price="0" /> <!-- Dynasty Breast Plate - Bard -->
	<item id="10228" price="0" /> <!-- Dynasty Platinum Plate - Shield Master -->
	<item id="10229" price="0" /> <!-- Dynasty Platinum Plate - Weapon Master -->
	<item id="10230" price="0" /> <!-- Dynasty Platinum Plate - Force Master -->
	<item id="10231" price="0" /> <!-- Dynasty Platinum Plate - Bard -->
	<item id="10802" price="0" /> <!-- Dynasty Breastplate {PvP} -->
	<item id="10803" price="0" /> <!-- Dynasty Breastplate {PvP} - Shield Master -->
	<item id="10804" price="0" /> <!-- Dynasty Breastplate {PvP} - Weapon Master -->
	<item id="10805" price="0" /> <!-- Dynasty Breastplate {PvP} - Force Master -->
	<item id="10806" price="0" /> <!-- Dynasty Breastplate {PvP} - Bard -->
	<item id="10820" price="0" /> <!-- Dynasty Platinum Breastplate {PvP} - Shield Master -->
	<item id="10821" price="0" /> <!-- Dynasty Platinum Breastplate {PvP} - Weapon Master -->
	<item id="10822" price="0" /> <!-- Dynasty Platinum Breastplate {PvP} - Force Master -->
	<item id="10823" price="0" /> <!-- Dynasty Platinum Breastplate {PvP} - Bard -->
	<item id="9432" price="0" /> <!-- Dynasty Tunic -->
	<item id="9437" price="0" /> <!-- Dynasty Stockings -->
	<item id="9438" price="0" /> <!-- Dynasty Circlet -->
	<item id="9439" price="0" /> <!-- Dynasty Gloves - Robe -->
	<item id="9440" price="0" /> <!-- Dynasty Shoes - Robe -->
	<item id="9433" price="0" /> <!-- Dynasty Tunic - Healer -->
	<item id="9434" price="0" /> <!-- Dynasty Tunic - Enchanter -->
	<item id="9435" price="0" /> <!-- Dynasty Tunic - Summoner -->
	<item id="9436" price="0" /> <!-- Dynasty Tunic - Wizard -->
	<item id="10236" price="0" /> <!-- Dynasty Silver Satin Tunic - Healer -->
	<item id="10237" price="0" /> <!-- Dynasty Silver Satin Tunic - Enchanter -->
	<item id="10238" price="0" /> <!-- Dynasty Silver Satin Tunic - Summoner -->
	<item id="10239" price="0" /> <!-- Dynasty Silver Satin Tunic - Wizard -->
	<item id="10810" price="0" /> <!-- Dynasty Tunic {PvP} -->
	<item id="10811" price="0" /> <!-- Dynasty Tunic {PvP} - Healer -->
	<item id="10812" price="0" /> <!-- Dynasty Tunic {PvP} - Enchanter -->
	<item id="10813" price="0" /> <!-- Dynasty Tunic {PvP} - Summoner -->
	<item id="10814" price="0" /> <!-- Dynasty Tunic {PvP} - Wizard -->
	<item id="10828" price="0" /> <!-- Dynasty Silver Satin Tunic {PvP} - Healer -->
	<item id="10829" price="0" /> <!-- Dynasty Silver Satin Tunic {PvP} - Enchanter -->
	<item id="10830" price="0" /> <!-- Dynasty Silver Satin Tunic {PvP} - Summoner -->
	<item id="10831" price="0" /> <!-- Dynasty Silver Satin Tunic {PvP} - Wizard -->
	<item id="9425" price="0" /> <!-- Dynasty Leather Armor -->
	<item id="9428" price="0" /> <!-- Dynasty Leather Leggings -->
	<item id="9429" price="0" /> <!-- Dynasty Leather Helmet -->
	<item id="9430" price="0" /> <!-- Dynasty Leather Gloves - Light Armor -->
	<item id="9431" price="0" /> <!-- Dynasty Leather Boots - Light Armor -->
	<item id="9426" price="0" /> <!-- Dynasty Leather Armor - Dagger Master -->
	<item id="9427" price="0" /> <!-- Dynasty Leather Armor - Bow Master -->
	<item id="10126" price="0" /> <!-- Dynasty Leather Armor - Force Master -->
	<item id="10127" price="0" /> <!-- Dynasty Leather Armor - Weapon Master -->
	<item id="10168" price="0" /> <!-- Dynasty Leather Armor - Enchanter -->
	<item id="10214" price="0" /> <!-- Dynasty Leather Armor - Summoner -->
	<item id="10233" price="0" /> <!-- Dynasty Jewel Leather Armor - Dagger Master -->
	<item id="10234" price="0" /> <!-- Dynasty Jewel Leather Armor - Bow Master -->
	<item id="10487" price="0" /> <!-- Dynasty Jeweled Leather Armor - Force Master -->
	<item id="10488" price="0" /> <!-- Dynasty Jeweled Leather Armor - Weapon Master -->
	<item id="10489" price="0" /> <!-- Dynasty Jeweled Leather Armor - Enchanter -->
	<item id="10490" price="0" /> <!-- Dynasty Jeweled Leather Armor - Summoner -->
	<item id="10807" price="0" /> <!-- Dynasty Leather Armor {PvP} -->
	<item id="10808" price="0" /> <!-- Dynasty Leather Armor {PvP} - Dagger Master -->
	<item id="10809" price="0" /> <!-- Dynasty Leather Armor {PvP} - Bow Master -->
	<item id="10815" price="0" /> <!-- Dynasty Leather Armor {PvP} - Force Master -->
	<item id="10816" price="0" /> <!-- Dynasty Leather Armor {PvP} - Weapon Master -->
	<item id="10817" price="0" /> <!-- Dynasty Leather Armor {PvP} - Enchanter -->
	<item id="10818" price="0" /> <!-- Dynasty Leather Armor {PvP} - Summoner -->
	<item id="10825" price="0" /> <!-- Dynasty Jewel Leather Armor {PvP} - Dagger Master -->
	<item id="10826" price="0" /> <!-- Dynasty Jewel Leather Armor {PvP} - Bow Master -->
	<item id="10832" price="0" /> <!-- Dynasty Jewel Leather Armor {PvP} - Force Master -->
	<item id="10833" price="0" /> <!-- Dynasty Jewel Leather Armor {PvP} - Weapon Master -->
	<item id="10834" price="0" /> <!-- Dynasty Jewel Leather Armor {PvP} - Enchanter -->
	<item id="10835" price="0" /> <!-- Dynasty Jewel Leather Armor {PvP} - Summoner -->
	<item id="15609" price="0" /> <!-- Moirai Breastplate -->
	<item id="15612" price="0" /> <!-- Moirai Gaiter -->
	<item id="15606" price="0" /> <!-- Moirai Helmet -->
	<item id="15615" price="0" /> <!-- Moirai Gauntlet -->
	<item id="15618" price="0" /> <!-- Moirai Boots -->
	<item id="15621" price="0" /> <!-- Moirai Shield -->
	<item id="16174" price="0" /> <!-- Moirai Breastplate {PvP} -->
	<item id="15610" price="0" /> <!-- Moirai Leather Breastplate -->
	<item id="15613" price="0" /> <!-- Moirai Leather Legging -->
	<item id="15607" price="0" /> <!-- Moirai Leather Helmet -->
	<item id="15616" price="0" /> <!-- Moirai Leather Gloves -->
	<item id="15619" price="0" /> <!-- Moirai Leather Boots -->
	<item id="16175" price="0" /> <!-- Moirai Leather Breastplate {PvP} -->
	<item id="15611" price="0" /> <!-- Moirai Tunic -->
	<item id="15614" price="0" /> <!-- Moirai Stockings -->
	<item id="15608" price="0" /> <!-- Moirai Circlet -->
	<item id="15617" price="0" /> <!-- Moirai Gloves -->
	<item id="15620" price="0" /> <!-- Moirai Shoes -->
	<item id="16176" price="0" /> <!-- Moirai Tunic {PvP} -->
</list>
