<?xml version="1.0" encoding="UTF-8"?>
<list xmlns:xsi="http://www.w3.org/2001/XMLSchema-instance" xsi:noNamespaceSchemaLocation="../xsd/buylist.xsd">
	<item id="3500" price="0" /> <!-- Dragonflute of Wind -->
	<item id="3501" price="0" /> <!-- Dragonflute of Star -->
	<item id="3502" price="0" /> <!-- Dragonflute of Twilight -->
	<item id="4422" price="0" /> <!-- Dragon Bugle of Wind -->
	<item id="4423" price="0" /> <!-- Dragon Bugle of Star -->
	<item id="4424" price="0" /> <!-- Dragon Bugle of Twilight -->
	<item id="6648" price="0" /> <!-- Baby Buffalo Panpipe -->
	<item id="6649" price="0" /> <!-- Baby Cougar Chime -->
	<item id="6650" price="0" /> <!-- Baby Kookaburra Ocarina -->
	<item id="10311" price="0" /> <!-- Improved Buffalo Panpipe -->
	<item id="10312" price="0" /> <!-- Improved Cougar Chime -->
	<item id="10312" price="0" /> <!-- Improved Cougar Chime -->
	<item id="10313" price="0" /> <!-- Improved Kookaburra Ocarina -->
	<item id="10308" price="0" /> <!-- Red Dragon Bugle of Wind -->
	<item id="10309" price="0" /> <!-- Red Dragon Bugle of Star -->
	<item id="10310" price="0" /> <!-- Red Dragon Bugle of Twilight -->
	<item id="10426" price="0" /> <!-- Fenrir Necklace -->
	<item id="10611" price="0" /> <!-- Snow Fenrir Necklace -->
	<item id="10307" price="0" /> <!-- Great Snow Wolf Necklace -->
	<item id="2375" price="0" /> <!-- Wolf Collar -->
	<item id="14828" price="0" /> <!-- Deinonychus Mesozoic Stone -->
	<item id="14819" price="0" /> <!-- Guardian's Dragon Bugle -->
	<item id="13017" price="0" /> <!-- White Weasel Hunting Helper Necklace -->
	<item id="13018" price="0" /> <!-- Fairy Princess Hunting Helper Necklace -->
	<item id="13019" price="0" /> <!-- Wild Beast Fighter Hunting Helper Necklace -->
	<item id="13020" price="0" /> <!-- Fox Shaman Hunting Helper Necklace -->
	<item id="14061" price="0" /> <!-- Toy Knight Summon Whistle -->
	<item id="14062" price="0" /> <!-- Spirit Shaman Summon Whistle -->
	<item id="14063" price="0" /> <!-- Owl Monk Summon Whistle -->
	<item id="14064" price="0" /> <!-- Turtle Ascetic Summon Whistle -->
	<item id="13548" price="0" /> <!-- Toy Knight Summon Whistle -->
	<item id="13549" price="0" /> <!-- Soul Monk Summon Whistle -->
	<item id="13550" price="0" /> <!-- Owl Monk Summon Whistle -->
	<item id="13551" price="0" /> <!-- Turtle Ascetic Summon Whistle -->
	<item id="20760" price="0" /> <!-- Rudolph Necklace (Event) -->
	<item id="20761" price="0" /> <!-- Rudolph Necklace -->
	<item id="15488" price="0" /> <!-- Maguen Pet Collar -->
	<item id="15489" price="0" /> <!-- Elite Maguen Pet Collar -->
</list>
