<?xml version="1.0" encoding="UTF-8"?>
<list xmlns:xsi="http://www.w3.org/2001/XMLSchema-instance" xsi:noNamespaceSchemaLocation="../xsd/buylist.xsd">
	<item id="14621" price="0" /> <!-- Santa Claus' Sirra Blade -->
	<item id="14622" price="0" /> <!-- Santa Claus' Sword of Ipos -->
	<item id="14623" price="0" /> <!-- Santa Claus' Barakiel Axe -->
	<item id="14624" price="0" /> <!-- Santa Claus' Behemoth Tuning Fork -->
	<item id="14625" price="0" /> <!-- Santa Claus' Naga Storm -->
	<item id="14626" price="0" /> <!-- Santa Claus' Tiphon Spear -->
	<item id="14627" price="0" /> <!-- Santa Claus' Shyeed Bow -->
	<item id="14628" price="0" /> <!-- Santa Claus' Sobekk Hurricane -->
	<item id="14629" price="0" /> <!-- Santa Claus' Themis Tongue -->
	<item id="14630" price="0" /> <!-- Santa Claus' Hand of Cabrio -->
	<item id="14631" price="0" /> <!-- Santa Claus' Daimon Crystal -->
	<item id="14632" price="0" /> <!-- Santa Claus' Eclair Bijou -->
	<item id="14633" price="0" /> <!-- Santa Claus' Screaming Vengeance -->
	<item id="14634" price="0" /> <!-- Santa Claus' Durendal -->
	<item id="14674" price="0" /> <!-- Santa Claus' Tallum Blade*Damascus -->
</list>
